name,email,gender,time,kelish,ketish
Tonia Bernard,tbernard0@google.pl,Female,8/24/2021,13:17,14:42
Ab Rickhuss,arickhuss1@skype.com,Male,12/6/2021,8:59,15:16
Dannie McMaster,dmcmaster2@360.cn,Female,12/5/2021,14:54,20:36
Zonda Detoc,zdetoc3@acquirethisname.com,Female,12/26/2021,10:44,19:35
Wynn Joannidi,wjoannidi4@google.co.jp,Male,10/9/2021,13:55,22:57
Marylee Ride,mride5@yellowbook.com,Genderqueer,4/22/2021,6:20,13:03
Cheryl Liddall,cliddall6@printfriendly.com,Female,8/28/2021,10:10,12:09
Sarita Fyfe,sfyfe7@unc.edu,Male,9/28/2021,6:23,20:19
Fernande Harrowell,fharrowell8@slate.com,Male,3/20/2021,13:48,20:40
Roselle Hamlyn,rhamlyn9@webeden.co.uk,Male,11/13/2021,14:41,18:50
Kiel Koenen,kkoenena@themeforest.net,Non-binary,2/8/2022,6:28,13:05
Erich Pechold,epecholdb@ucla.edu,Male,1/27/2022,12:05,21:24
Adelle Trengrove,atrengrovec@mysql.com,Male,4/17/2021,13:02,17:36
Suzanna Pawfoot,spawfootd@ucla.edu,Female,1/9/2022,10:15,12:40
Odele Moorey,omooreye@amazon.de,Male,11/13/2021,8:24,17:20
Anstice Skillett,askillettf@angelfire.com,Female,1/4/2022,8:01,22:34
Shirlee Vaz,svazg@rambler.ru,Male,11/4/2021,11:32,19:45
Levey O'Gleasane,logleasaneh@alibaba.com,Female,12/7/2021,11:58,14:48
Jacquette Hardbattle,jhardbattlei@rakuten.co.jp,Male,6/17/2021,12:38,18:17
Kendra Cainey,kcaineyj@theatlantic.com,Genderfluid,5/27/2021,10:02,22:48
Laurence Howett,lhowettk@eepurl.com,Female,10/25/2021,13:00,19:22
Trina Loudwell,tloudwelll@fastcompany.com,Female,2/22/2022,11:29,17:28
Cherie Hurst,churstm@gizmodo.com,Female,12/19/2021,7:43,18:52
Steven Garralts,sgarraltsn@xinhuanet.com,Male,9/10/2021,7:13,19:59
Darsey Ligoe,dligoeo@sun.com,Female,12/24/2021,8:19,20:06
Dewain Kamien,dkamienp@themeforest.net,Female,9/12/2021,12:58,19:51
Gilbertina Danielut,gdanielutq@cpanel.net,Female,5/3/2021,6:10,14:22
Alasdair Cleeves,acleevesr@ox.ac.uk,Male,1/17/2022,8:49,14:38
Ameline Northcliffe,anorthcliffes@clickbank.net,Female,12/24/2021,8:56,21:18
Kimmi Habert,khabertt@shinystat.com,Male,3/2/2022,7:57,17:47
Ruperto Gatherell,rgatherellu@4shared.com,Female,4/21/2021,9:42,13:24
Major Griffey,mgriffeyv@msu.edu,Female,8/2/2021,13:23,21:43
Duncan Paggitt,dpaggittw@cnn.com,Male,11/5/2021,14:23,12:07
Verine Tapton,vtaptonx@yellowbook.com,Agender,5/10/2021,14:56,16:10
Eldridge Urry,eurryy@telegraph.co.uk,Male,3/17/2021,9:23,21:49
Holli Amor,hamorz@biblegateway.com,Genderqueer,2/23/2022,6:40,12:23
Laureen Izzat,lizzat10@people.com.cn,Male,10/6/2021,6:00,12:10
Klarrisa Ellard,kellard11@chronoengine.com,Female,3/22/2021,8:24,17:17
Rennie Itzhaki,ritzhaki12@forbes.com,Male,4/27/2021,11:57,17:56
Kit Donaldson,kdonaldson13@princeton.edu,Male,8/27/2021,14:23,16:25
Mathilde Browett,mbrowett14@cnbc.com,Male,10/19/2021,14:33,13:26
Brigid Bolesma,bbolesma15@amazon.co.uk,Male,7/19/2021,12:51,13:10
Cecily Gerty,cgerty16@bluehost.com,Male,9/27/2021,6:31,17:37
Sherwynd Sindle,ssindle17@livejournal.com,Female,4/19/2021,9:09,16:13
Marje Schulken,mschulken18@cdc.gov,Female,12/8/2021,6:29,15:39
Salomi Touzey,stouzey19@cdbaby.com,Female,1/8/2022,7:34,20:57
Jonathan Jackman,jjackman1a@mysql.com,Female,9/19/2021,13:17,12:55
Cassie Tollmache,ctollmache1b@webeden.co.uk,Female,11/7/2021,7:47,16:27
Lebbie Nuss,lnuss1c@wunderground.com,Female,9/4/2021,14:03,13:21
Patten Vlasenko,pvlasenko1d@sfgate.com,Male,9/28/2021,12:41,16:12
Matt Dabel,mdabel1e@accuweather.com,Female,8/8/2021,9:18,22:19
Joleen Tute,jtute1f@eepurl.com,Female,10/16/2021,13:50,20:33
Agretha Staddart,astaddart1g@discuz.net,Male,9/23/2021,7:50,14:17
Veda Cord,vcord1h@cloudflare.com,Female,12/3/2021,9:24,13:31
Bev Gillow,bgillow1i@mapquest.com,Female,8/27/2021,13:19,16:36
Flin Easun,feasun1j@woothemes.com,Female,6/23/2021,6:44,22:52
Val Sames,vsames1k@mtv.com,Male,5/9/2021,7:35,19:46
Yank Von Gladbach,yvon1l@flickr.com,Bigender,5/28/2021,10:55,22:22
Erda Roeby,eroeby1m@phoca.cz,Male,10/12/2021,10:54,13:44
Gavra Colclough,gcolclough1n@canalblog.com,Female,5/17/2021,6:47,22:02
Wiatt Veck,wveck1o@indiatimes.com,Female,9/3/2021,12:11,22:47
Orsola Tropman,otropman1p@ebay.co.uk,Female,1/1/2022,14:25,13:57
Mylo Riggulsford,mriggulsford1q@cloudflare.com,Male,2/21/2022,13:04,14:30
Pepi Quinnell,pquinnell1r@opera.com,Male,7/27/2021,10:47,15:52
Dara Peers,dpeers1s@mashable.com,Male,10/19/2021,8:53,17:28
Thedric Dumberrill,tdumberrill1t@storify.com,Non-binary,8/11/2021,10:54,14:38
Consuela Nulty,cnulty1u@dropbox.com,Male,1/11/2022,6:44,18:41
Lutero Humbie,lhumbie1v@discuz.net,Male,1/29/2022,13:10,17:51
Andy Seviour,aseviour1w@zdnet.com,Female,7/28/2021,6:52,17:50
Shae McCrachen,smccrachen1x@newsvine.com,Male,7/18/2021,8:54,17:33
Almeta Jefferson,ajefferson1y@hhs.gov,Male,2/16/2022,6:07,22:31
Paolo Diment,pdiment1z@macromedia.com,Female,3/1/2022,11:10,20:18
Flinn Woodes,fwoodes20@pbs.org,Male,6/28/2021,12:37,17:31
Alon Christer,achrister21@sitemeter.com,Female,7/8/2021,10:13,16:08
Donaugh Llewelyn,dllewelyn22@answers.com,Female,5/31/2021,10:12,13:12
Arabele Ricioppo,aricioppo23@tuttocitta.it,Male,11/10/2021,8:39,21:57
Steffen Bondesen,sbondesen24@java.com,Male,12/12/2021,9:25,14:49
Mia Botwright,mbotwright25@twitpic.com,Female,2/27/2022,7:23,16:02
Renelle Cassella,rcassella26@networkadvertising.org,Male,4/3/2021,10:59,16:43
Beck Gardner,bgardner27@lulu.com,Male,10/20/2021,10:06,18:06
Peggie Andri,pandri28@wikispaces.com,Male,7/30/2021,6:01,12:59
Goldy Fanstone,gfanstone29@google.com.au,Female,12/28/2021,8:45,12:02
Cynthea Balmann,cbalmann2a@cornell.edu,Male,3/28/2021,7:24,17:34
Gwyn Davidovic,gdavidovic2b@sfgate.com,Female,7/17/2021,8:52,16:49
Ronda Lejeune,rlejeune2c@ucoz.com,Male,6/27/2021,12:06,17:14
Vittoria Syrie,vsyrie2d@webeden.co.uk,Agender,1/21/2022,14:52,15:03
Bronny Weatherhogg,bweatherhogg2e@shutterfly.com,Male,1/24/2022,14:21,18:10
Marylynne Streader,mstreader2f@cloudflare.com,Male,12/16/2021,14:51,13:05
Ofilia Addekin,oaddekin2g@360.cn,Female,9/27/2021,13:03,12:55
Suzy Jewer,sjewer2h@skype.com,Female,6/21/2021,12:22,17:48
Hermann Vane,hvane2i@comsenz.com,Female,4/8/2021,6:49,12:28
Danette Balog,dbalog2j@kickstarter.com,Female,5/29/2021,7:55,13:40
Rosabella Allibon,rallibon2k@statcounter.com,Female,2/27/2022,10:36,15:23
Lethia Heatlie,lheatlie2l@state.gov,Female,3/6/2022,9:41,15:38
Chevy Charke,ccharke2m@princeton.edu,Female,5/3/2021,11:42,20:25
Cathie Habbes,chabbes2n@meetup.com,Female,11/29/2021,9:11,20:13
Shandee Murtell,smurtell2o@seattletimes.com,Male,1/7/2022,14:35,15:33
Damian Strode,dstrode2p@sciencedirect.com,Female,8/28/2021,12:10,13:56
Rozalin Boreham,rboreham2q@google.com,Female,3/18/2021,14:17,17:14
Jillene Junes,jjunes2r@princeton.edu,Female,7/4/2021,12:45,16:16
Vilma Gimblett,vgimblett2s@examiner.com,Male,6/15/2021,14:37,17:26
Walker Richin,wrichin2t@fastcompany.com,Male,3/23/2021,7:12,14:55
Roshelle Bier,rbier2u@spotify.com,Male,6/25/2021,13:15,19:55
Ruy Ivanishev,rivanishev2v@psu.edu,Male,1/8/2022,9:19,22:17
Bennie Blackborow,bblackborow2w@ustream.tv,Polygender,1/16/2022,11:29,16:25
Ailyn Iacobini,aiacobini2x@tumblr.com,Female,6/24/2021,13:39,12:30
Kaspar Abramcik,kabramcik2y@apple.com,Male,8/15/2021,10:32,22:40
Sheryl Sebert,ssebert2z@mail.ru,Genderfluid,1/19/2022,9:16,17:30
Carole Wrotchford,cwrotchford30@tripadvisor.com,Female,1/3/2022,11:20,15:48
Beitris Stihl,bstihl31@friendfeed.com,Male,6/14/2021,8:44,18:23
Blake Bainton,bbainton32@mayoclinic.com,Male,4/23/2021,12:21,22:06
Tommy Petracco,tpetracco33@ihg.com,Bigender,11/20/2021,11:15,17:36
Janot Whorton,jwhorton34@yellowbook.com,Male,9/8/2021,8:01,20:45
Pearla Baptist,pbaptist35@scribd.com,Female,2/14/2022,10:35,22:16
Aldridge Barns,abarns36@icq.com,Male,6/30/2021,13:47,14:50
Viv Clack,vclack37@surveymonkey.com,Female,1/15/2022,7:03,20:39
Faythe Bowick,fbowick38@google.fr,Male,3/6/2022,10:02,18:00
Bambie Bussens,bbussens39@blogtalkradio.com,Male,12/7/2021,6:59,14:25
Balduin Hansemann,bhansemann3a@lulu.com,Female,11/10/2021,11:59,18:58
Rubia De Beauchamp,rde3b@biglobe.ne.jp,Male,3/12/2021,13:40,17:44
Othelia Arbor,oarbor3c@about.com,Male,4/21/2021,14:31,17:48
Jeanelle Cantwell,jcantwell3d@squidoo.com,Male,5/28/2021,9:43,18:07
Olympie Beeden,obeeden3e@vinaora.com,Male,6/28/2021,9:07,22:04
Bogart Sandercroft,bsandercroft3f@ifeng.com,Female,9/5/2021,14:20,14:30
Meier Falloon,mfalloon3g@infoseek.co.jp,Male,2/23/2022,7:42,20:11
Robb Shotboulte,rshotboulte3h@fotki.com,Female,6/2/2021,13:37,21:44
Rab Brandolini,rbrandolini3i@goodreads.com,Male,11/15/2021,13:02,17:51
Brynn Francioli,bfrancioli3j@miitbeian.gov.cn,Male,12/25/2021,10:46,16:39
Aloysius Kolyagin,akolyagin3k@ebay.com,Male,8/1/2021,14:18,14:52
Cori Wodham,cwodham3l@exblog.jp,Male,6/15/2021,13:16,14:55
Phillie Litherborough,plitherborough3m@addtoany.com,Female,12/23/2021,8:26,21:36
Lillian Grass,lgrass3n@webs.com,Female,8/4/2021,12:56,13:26
Lenna Dreossi,ldreossi3o@blog.com,Male,11/20/2021,14:14,12:00
Livia Swaddle,lswaddle3p@clickbank.net,Female,6/7/2021,9:43,12:30
Clarissa Swindells,cswindells3q@google.ru,Male,5/12/2021,11:18,22:03
Thornie Hadrill,thadrill3r@tripadvisor.com,Male,1/4/2022,9:41,16:01
Teri Edler,tedler3s@example.com,Male,1/6/2022,11:55,17:03
Elsbeth Buggs,ebuggs3t@free.fr,Male,6/21/2021,11:46,14:16
De Raye,draye3u@edublogs.org,Male,3/13/2021,7:24,16:19
Genevieve Valois,gvalois3v@sciencedirect.com,Female,4/27/2021,7:43,18:24
Erin Branno,ebranno3w@networkadvertising.org,Female,10/13/2021,11:36,17:05
Torey Poleykett,tpoleykett3x@storify.com,Male,8/2/2021,13:42,14:41
Yevette Nuscha,ynuscha3y@miitbeian.gov.cn,Female,2/15/2022,9:18,12:52
Leanor Atwel,latwel3z@imageshack.us,Male,10/25/2021,11:49,19:21
Wendie Coppin,wcoppin40@pen.io,Male,3/23/2021,13:13,18:41
Regan Fenby,rfenby41@surveymonkey.com,Female,9/14/2021,13:30,22:41
Bartolomeo Stitfall,bstitfall42@squarespace.com,Female,10/22/2021,12:07,18:14
Essa Sallis,esallis43@homestead.com,Male,9/22/2021,9:06,16:16
Cristina Lambregts,clambregts44@mit.edu,Male,3/30/2021,8:00,20:09
Rosemonde Simko,rsimko45@amazon.co.jp,Female,12/5/2021,11:08,14:17
Joyous Giacomo,jgiacomo46@multiply.com,Female,7/20/2021,6:17,21:46
Benito Endon,bendon47@japanpost.jp,Male,6/14/2021,7:39,18:07
Noll Rodger,nrodger48@stanford.edu,Male,7/11/2021,6:50,20:40
Cosmo Muston,cmuston49@reuters.com,Male,9/15/2021,11:23,21:29
Anabal Redsall,aredsall4a@people.com.cn,Male,6/21/2021,12:11,16:01
Roxine Kinkaid,rkinkaid4b@nymag.com,Female,2/22/2022,14:20,18:02
Gannie Hebblewaite,ghebblewaite4c@bandcamp.com,Genderqueer,10/13/2021,7:40,17:43
Finley Dukes,fdukes4d@pcworld.com,Female,5/1/2021,12:20,14:17
Ray Donati,rdonati4e@hc360.com,Female,11/30/2021,12:01,14:08
Mabelle Huntress,mhuntress4f@umn.edu,Male,10/23/2021,12:49,21:25
Creigh Dranfield,cdranfield4g@ibm.com,Genderqueer,2/25/2022,14:32,20:17
Reggie Kaesmakers,rkaesmakers4h@clickbank.net,Female,9/17/2021,9:47,17:56
Burke Ovanesian,bovanesian4i@cnn.com,Female,10/3/2021,13:02,14:08
Grant Issacoff,gissacoff4j@purevolume.com,Female,2/1/2022,12:42,20:51
Arlyne Eckersley,aeckersley4k@squarespace.com,Genderqueer,12/16/2021,11:26,14:49
Ginevra Canning,gcanning4l@wordpress.org,Male,9/22/2021,12:22,18:47
Sharl Huxster,shuxster4m@barnesandnoble.com,Male,1/7/2022,9:46,12:56
Rubin Trench,rtrench4n@google.co.uk,Female,8/11/2021,8:18,12:40
Ignace Shadfourth,ishadfourth4o@washingtonpost.com,Female,3/1/2022,8:16,17:02
Minny Fairlem,mfairlem4p@who.int,Male,11/28/2021,12:01,19:53
Martainn Dainton,mdainton4q@jimdo.com,Female,10/26/2021,6:47,22:11
Zandra Deares,zdeares4r@ft.com,Male,4/9/2021,8:18,18:05
Verena Taffarello,vtaffarello4s@census.gov,Male,3/13/2021,9:47,22:24
Ag Ranson,aranson4t@epa.gov,Female,11/11/2021,10:22,17:33
Tandi Hebbard,thebbard4u@cisco.com,Female,6/22/2021,8:05,14:23
Cammie Guitton,cguitton4v@salon.com,Female,2/22/2022,11:38,15:37
Seana Weaver,sweaver4w@amazonaws.com,Male,8/4/2021,9:27,20:07
Stanleigh Perdue,sperdue4x@ifeng.com,Female,8/5/2021,7:17,16:45
Friedrick Meatcher,fmeatcher4y@mozilla.com,Female,7/5/2021,14:57,14:14
Editha Cumberlidge,ecumberlidge4z@a8.net,Male,8/24/2021,14:22,18:34
Hannah Pudney,hpudney50@squarespace.com,Male,12/7/2021,9:40,21:20
Perceval Digance,pdigance51@nationalgeographic.com,Male,9/25/2021,14:30,15:00
Larisa Airth,lairth52@netscape.com,Female,8/12/2021,9:52,20:56
Colan Coleford,ccoleford53@berkeley.edu,Male,5/20/2021,11:04,15:03
Ashley Dargie,adargie54@example.com,Male,1/13/2022,11:37,12:22
Launce Van Der Weedenburg,lvan55@google.ru,Female,6/3/2021,11:19,20:46
Josepha Fillery,jfillery56@jugem.jp,Male,10/10/2021,10:39,21:43
Ursola Boughton,uboughton57@boston.com,Genderqueer,2/24/2022,12:22,20:14
Demetra McIlmorow,dmcilmorow58@amazon.co.uk,Male,7/24/2021,9:01,19:56
Rupert Janak,rjanak59@latimes.com,Male,8/2/2021,9:22,21:33
Bordy Illem,billem5a@yahoo.co.jp,Female,9/18/2021,6:56,20:00
Mischa Gelling,mgelling5b@cnet.com,Male,1/28/2022,6:48,14:41
Sanson Olivello,solivello5c@twitpic.com,Agender,4/28/2021,14:42,16:40
Leanor Goodere,lgoodere5d@un.org,Male,10/13/2021,8:46,16:18
Gannon Pendre,gpendre5e@twitpic.com,Female,3/30/2021,11:56,16:01
Goldia McGoldrick,gmcgoldrick5f@elegantthemes.com,Genderfluid,4/12/2021,8:02,21:36
Kennie Axworthy,kaxworthy5g@omniture.com,Male,1/5/2022,8:12,13:26
Raddy Pashley,rpashley5h@storify.com,Male,9/6/2021,9:49,20:34
Andy Graysmark,agraysmark5i@mysql.com,Female,12/24/2021,8:28,21:40
Ophelia Gaddie,ogaddie5j@ezinearticles.com,Genderqueer,7/4/2021,6:11,15:51
Calley Berney,cberney5k@google.es,Male,1/16/2022,11:16,21:07
Vincenty Readett,vreadett5l@scientificamerican.com,Male,2/1/2022,8:59,13:36
John Tite,jtite5m@auda.org.au,Male,1/13/2022,8:12,12:13
Phedra Llewellen,pllewellen5n@china.com.cn,Bigender,12/17/2021,7:16,13:27
Lucienne Barraclough,lbarraclough5o@hp.com,Female,9/18/2021,13:57,13:47
Hal Roman,hroman5p@smh.com.au,Female,8/17/2021,9:55,20:03
Susan Sparshutt,ssparshutt5q@hhs.gov,Male,3/7/2022,9:36,13:01
Fredi Starbucke,fstarbucke5r@liveinternet.ru,Male,9/17/2021,6:52,14:19
Oralle Writtle,owrittle5s@prweb.com,Female,10/22/2021,9:40,14:39
Renado Cardinale,rcardinale5t@blogtalkradio.com,Female,4/19/2021,10:06,20:23
Shermy Jossel,sjossel5u@telegraph.co.uk,Male,11/10/2021,14:19,14:02
Odille Akast,oakast5v@free.fr,Male,4/7/2021,6:31,17:27
Esteban Salmoni,esalmoni5w@apple.com,Female,3/31/2021,11:01,14:45
Rochelle Marris,rmarris5x@digg.com,Female,12/11/2021,13:56,21:13
Griswold Prestney,gprestney5y@ed.gov,Bigender,1/15/2022,9:47,14:22
Monica Phlippi,mphlippi5z@microsoft.com,Female,6/30/2021,8:13,20:44
Howard Howbrook,hhowbrook60@flavors.me,Female,8/9/2021,8:27,13:43
Corrianne Teasdale-Markie,cteasdalemarkie61@eventbrite.com,Female,1/9/2022,9:43,15:37
Abrahan Varden,avarden62@trellian.com,Female,7/25/2021,13:26,12:39
Virginia Jury,vjury63@nih.gov,Male,1/22/2022,11:37,12:54
Benedick Palfreyman,bpalfreyman64@infoseek.co.jp,Female,11/28/2021,12:09,16:52
Brendan Fidelus,bfidelus65@biblegateway.com,Female,8/12/2021,8:35,18:39
Rafaelita Eakle,reakle66@about.com,Male,1/31/2022,6:12,15:18
Ian Padrick,ipadrick67@biblegateway.com,Male,1/12/2022,10:44,22:26
Lucine Springer,lspringer68@issuu.com,Female,8/8/2021,9:59,12:46
Marice Westall,mwestall69@google.com.au,Female,2/27/2022,10:19,18:00
Jennica Gartrell,jgartrell6a@wsj.com,Female,7/1/2021,8:23,14:22
Taylor Tanti,ttanti6b@naver.com,Genderqueer,8/9/2021,9:51,13:49
Joanna Laytham,jlaytham6c@cnet.com,Female,6/19/2021,11:54,16:30
Norrie Gheraldi,ngheraldi6d@altervista.org,Male,3/31/2021,10:47,12:43
Justine Duff,jduff6e@nba.com,Female,12/27/2021,12:46,16:46
Denys Busby,dbusby6f@smugmug.com,Female,12/31/2021,10:18,18:01
Florian Bedrosian,fbedrosian6g@squidoo.com,Female,11/2/2021,10:58,15:05
Griffy Cometto,gcometto6h@sciencedirect.com,Female,10/17/2021,6:48,17:34
Bryn Beverstock,bbeverstock6i@histats.com,Bigender,9/24/2021,6:18,18:53
Casandra Skerritt,cskerritt6j@gov.uk,Male,8/4/2021,13:43,14:17
Tyrus Petyt,tpetyt6k@icio.us,Male,1/3/2022,6:23,17:42
Rufus Brendeke,rbrendeke6l@amazonaws.com,Female,5/18/2021,8:14,19:04
Grace Selway,gselway6m@ebay.co.uk,Female,2/25/2022,11:11,13:13
Virginia Mullin,vmullin6n@tripod.com,Agender,12/1/2021,6:48,16:31
Dianemarie Damper,ddamper6o@tumblr.com,Female,3/26/2021,7:58,22:41
Sissy Shyres,sshyres6p@auda.org.au,Genderqueer,8/11/2021,11:53,18:58
Vevay Reckless,vreckless6q@shareasale.com,Female,12/2/2021,7:10,14:17
Bennie Drinkall,bdrinkall6r@walmart.com,Female,4/1/2021,13:30,22:50
Eddi Gregson,egregson6s@yahoo.com,Female,1/2/2022,11:28,21:56
Felipe Roscow,froscow6t@auda.org.au,Male,9/30/2021,11:37,22:32
Brade Eldred,beldred6u@noaa.gov,Female,7/19/2021,7:28,16:26
Sindee Dummigan,sdummigan6v@wix.com,Female,4/23/2021,8:03,22:39
Carol Godrich,cgodrich6w@fema.gov,Male,5/19/2021,13:23,18:41
Anthiathia Fishburn,afishburn6x@livejournal.com,Male,4/9/2021,13:26,13:00
Rowena Wakeford,rwakeford6y@google.com.hk,Female,11/25/2021,14:18,20:31
Sabra Grout,sgrout6z@mac.com,Female,10/10/2021,8:24,14:57
Leshia Wudeland,lwudeland70@google.co.uk,Female,7/9/2021,8:18,15:35
Jamill Ormesher,jormesher71@craigslist.org,Female,3/16/2021,14:52,15:39
Dorothea Matura,dmatura72@acquirethisname.com,Female,12/2/2021,14:43,20:43
Leslie Ourtic,lourtic73@home.pl,Male,1/31/2022,7:24,18:17
Benni Brasted,bbrasted74@moonfruit.com,Female,12/25/2021,8:58,15:38
Katrine Raff,kraff75@plala.or.jp,Female,4/22/2021,11:27,14:37
Bruis Gofford,bgofford76@walmart.com,Male,1/2/2022,8:47,13:34
Mil Kennady,mkennady77@soup.io,Male,5/7/2021,9:32,13:00
Ninnetta Bartlomiejczyk,nbartlomiejczyk78@altervista.org,Male,7/24/2021,9:28,20:29
Roi Boich,rboich79@chicagotribune.com,Female,5/20/2021,11:34,12:20
Gene Stoffers,gstoffers7a@ask.com,Female,7/27/2021,10:37,19:03
Marjy Harnell,mharnell7b@dot.gov,Female,3/12/2022,6:50,16:39
Deloria Spurritt,dspurritt7c@sciencedirect.com,Male,7/10/2021,11:41,16:25
Coop Romero,cromero7d@google.com,Genderfluid,10/20/2021,6:07,15:45
Miner Fresson,mfresson7e@amazonaws.com,Female,8/3/2021,7:03,16:53
Beau Alessandrucci,balessandrucci7f@xing.com,Male,6/6/2021,7:41,20:50
Herta MacTeggart,hmacteggart7g@about.com,Female,10/22/2021,10:11,20:37
Steve Oldam,soldam7h@artisteer.com,Female,4/17/2021,14:35,16:14
Dalton Mewe,dmewe7i@barnesandnoble.com,Female,12/22/2021,13:44,19:42
Patrizius Stoppard,pstoppard7j@wisc.edu,Female,10/26/2021,13:07,20:13
Bondon Wickliffe,bwickliffe7k@domainmarket.com,Male,4/28/2021,9:55,16:47
Halsey McInally,hmcinally7l@bloomberg.com,Male,12/16/2021,8:15,16:05
Sergei Wincer,swincer7m@irs.gov,Male,5/2/2021,10:25,16:07
Marrissa Scudamore,mscudamore7n@accuweather.com,Male,10/15/2021,13:23,21:04
Lowell Klousner,lklousner7o@ed.gov,Bigender,8/27/2021,14:15,19:53
Ava Pane,apane7p@hostgator.com,Male,8/18/2021,7:40,17:56
Caresse Addenbrooke,caddenbrooke7q@nps.gov,Male,4/28/2021,12:06,16:09
Taylor Ornils,tornils7r@friendfeed.com,Female,1/9/2022,8:19,22:11
Viole Riseborough,vriseborough7s@ebay.com,Male,8/26/2021,11:09,22:00
Beatriz Jepensen,bjepensen7t@home.pl,Male,12/3/2021,11:50,20:35
Luciana MacCrann,lmaccrann7u@google.es,Genderqueer,12/5/2021,6:21,22:19
Nerta Hickenbottom,nhickenbottom7v@shinystat.com,Female,5/24/2021,11:55,20:53
Janenna Fairpo,jfairpo7w@springer.com,Female,11/24/2021,8:41,16:12
Coriss Franklin,cfranklin7x@nps.gov,Male,12/10/2021,9:04,14:44
Nerti Verdy,nverdy7y@dailymotion.com,Male,10/11/2021,12:35,12:53
Lexy Worsnip,lworsnip7z@ftc.gov,Female,4/27/2021,9:40,20:23
Cad Hedylstone,chedylstone80@google.ru,Male,11/2/2021,10:37,18:06
Marcille Curzey,mcurzey81@state.tx.us,Female,1/31/2022,7:07,16:13
Kalina De Blase,kde82@acquirethisname.com,Male,5/22/2021,14:42,13:34
Maren McKeveney,mmckeveney83@w3.org,Male,12/3/2021,9:00,21:56
Cyrill Sieghart,csieghart84@ted.com,Female,8/2/2021,8:38,13:22
Robinetta Maylard,rmaylard85@i2i.jp,Male,11/6/2021,11:58,13:18
Freddy Percifer,fpercifer86@free.fr,Female,5/3/2021,7:21,15:29
Kim Rome,krome87@hugedomains.com,Male,6/2/2021,8:12,15:18
Suzanna Havile,shavile88@tiny.cc,Male,4/24/2021,12:38,13:21
Casey Smales,csmales89@cnet.com,Female,3/10/2022,13:40,20:40
Kain Dunkerton,kdunkerton8a@yahoo.co.jp,Male,10/11/2021,8:33,14:07
Merwin Daggett,mdaggett8b@cisco.com,Female,3/6/2022,14:39,22:23
Valeda Tollow,vtollow8c@fema.gov,Male,10/7/2021,12:20,17:20
Gerald Sallery,gsallery8d@elpais.com,Male,1/22/2022,9:16,20:12
Hilary Dossett,hdossett8e@imageshack.us,Non-binary,1/6/2022,10:00,15:51
Dulcine Fayer,dfayer8f@go.com,Male,7/10/2021,8:31,20:06
Alexi Basil,abasil8g@yale.edu,Female,6/29/2021,8:33,20:29
Waverly Trasler,wtrasler8h@usgs.gov,Female,10/30/2021,14:56,13:07
Bret Beszant,bbeszant8i@mail.ru,Non-binary,2/22/2022,9:06,18:07
Lorrie Iacobassi,liacobassi8j@netlog.com,Female,4/20/2021,13:33,14:01
Bert Pawelke,bpawelke8k@bloglines.com,Bigender,4/11/2021,10:02,20:11
Jaquelin Marconi,jmarconi8l@slate.com,Male,12/28/2021,7:27,19:29
Hillard Wickardt,hwickardt8m@google.ru,Female,5/26/2021,13:48,14:32
Arie Imlock,aimlock8n@geocities.com,Male,5/15/2021,11:57,19:43
Sophie Lye,slye8o@gov.uk,Female,12/4/2021,13:53,19:12
Rodie Bhatia,rbhatia8p@go.com,Bigender,3/10/2022,13:43,21:24
Bard Gallager,bgallager8q@fema.gov,Female,9/6/2021,13:22,20:10
Burnard MacNeilage,bmacneilage8r@taobao.com,Female,5/22/2021,13:02,12:41
Beaufort McNeish,bmcneish8s@howstuffworks.com,Male,7/30/2021,7:48,16:54
Randene Dilliway,rdilliway8t@wikispaces.com,Female,9/29/2021,12:21,12:01
Jerad Soigoux,jsoigoux8u@whitehouse.gov,Female,10/27/2021,14:29,19:17
Brinn Strutton,bstrutton8v@networksolutions.com,Male,3/9/2022,10:21,22:19
Emilia Benedettini,ebenedettini8w@symantec.com,Female,11/5/2021,7:33,18:45
Cordie Gowman,cgowman8x@infoseek.co.jp,Female,10/13/2021,13:15,20:56
Della Satcher,dsatcher8y@howstuffworks.com,Female,12/4/2021,10:26,17:02
Alexandra Lambswood,alambswood8z@typepad.com,Male,7/22/2021,13:44,15:58
Wain Stobbe,wstobbe90@amazon.com,Male,11/23/2021,12:31,19:13
Hans Guidi,hguidi91@soundcloud.com,Female,7/15/2021,10:20,16:53
Korrie Mattheus,kmattheus92@tripod.com,Male,6/30/2021,12:33,22:30
Dionysus Hobben,dhobben93@hugedomains.com,Male,5/10/2021,7:24,12:10
Elihu Gennerich,egennerich94@amazon.com,Male,11/14/2021,7:44,16:54
Huberto Flux,hflux95@hc360.com,Male,6/5/2021,7:10,19:42
Valene Garbott,vgarbott96@unesco.org,Female,6/20/2021,7:12,16:24
Mel MacEllen,mmacellen97@springer.com,Male,1/20/2022,12:00,16:40
Reinaldo Goodding,rgoodding98@disqus.com,Female,2/18/2022,11:19,15:56
Jamey Husby,jhusby99@i2i.jp,Female,6/18/2021,9:35,20:52
Car Ellerington,cellerington9a@cdbaby.com,Female,8/13/2021,14:08,17:30
Madeline Tillyer,mtillyer9b@yellowpages.com,Female,11/3/2021,6:25,21:50
Lynnette Armatage,larmatage9c@arstechnica.com,Female,3/22/2021,9:54,13:15
Netti Bodiam,nbodiam9d@nsw.gov.au,Female,12/23/2021,12:46,15:52
Dewain Freyne,dfreyne9e@bloomberg.com,Female,12/13/2021,10:06,19:16
Devin Leming,dleming9f@accuweather.com,Male,9/14/2021,11:25,20:10
Sande Grist,sgrist9g@dell.com,Female,8/9/2021,7:57,15:08
Alfi Leer,aleer9h@phoca.cz,Female,6/18/2021,14:39,16:09
Penny Kliment,pkliment9i@dropbox.com,Male,5/31/2021,10:09,21:07
Clevey Robardley,crobardley9j@parallels.com,Female,2/21/2022,7:03,20:05
Finlay Kelland,fkelland9k@about.me,Male,5/29/2021,6:02,20:26
Natty Blacksland,nblacksland9l@timesonline.co.uk,Bigender,10/16/2021,12:50,12:37
Danell Wippermann,dwippermann9m@craigslist.org,Female,6/4/2021,8:25,14:04
Cathie Macourek,cmacourek9n@simplemachines.org,Genderqueer,5/4/2021,12:11,12:35
Robin Dragge,rdragge9o@people.com.cn,Male,10/30/2021,10:00,22:54
Nan Dowda,ndowda9p@va.gov,Female,3/29/2021,7:14,19:09
Milissent Peakman,mpeakman9q@earthlink.net,Male,2/13/2022,7:08,17:21
Trefor Mathew,tmathew9r@jalbum.net,Bigender,11/20/2021,6:58,12:47
Kenyon Lepere,klepere9s@istockphoto.com,Female,8/16/2021,6:55,14:25
Celesta Trevaskus,ctrevaskus9t@marriott.com,Male,9/22/2021,7:47,22:17
Baxter Bruggen,bbruggen9u@cloudflare.com,Male,1/4/2022,6:35,16:11
Rouvin Pleuman,rpleuman9v@pbs.org,Female,5/12/2021,8:09,21:29
Bondy Heaker,bheaker9w@google.co.jp,Female,4/22/2021,11:12,13:21
Gabriell Mennell,gmennell9x@vinaora.com,Female,5/22/2021,13:47,21:29
Tina Kocher,tkocher9y@digg.com,Female,10/25/2021,14:09,18:03
Dedie Seth,dseth9z@themeforest.net,Female,6/30/2021,10:17,22:25
Atalanta Frick,africka0@spiegel.de,Male,5/10/2021,9:40,21:22
Bathsheba Batstone,bbatstonea1@bandcamp.com,Male,10/13/2021,14:12,15:36
Ricca Falkingham,rfalkinghama2@infoseek.co.jp,Polygender,6/8/2021,10:57,15:52
Bonnee Peake,bpeakea3@unicef.org,Female,10/20/2021,9:07,15:32
Baudoin Cattroll,bcattrolla4@nifty.com,Male,7/30/2021,11:17,19:27
Klaus Cranney,kcranneya5@pbs.org,Male,9/5/2021,6:49,15:36
Klarrisa Van De Cappelle,kvana6@wix.com,Female,8/10/2021,7:15,21:43
Adelle Nealon,anealona7@goodreads.com,Male,10/6/2021,11:19,17:50
Morganne Whoolehan,mwhoolehana8@zimbio.com,Female,5/23/2021,10:12,16:10
Galen Trevillion,gtrevilliona9@printfriendly.com,Male,2/8/2022,9:47,13:07
Aurilia Hargate,ahargateaa@nationalgeographic.com,Male,6/25/2021,12:02,17:25
Isador Sancho,isanchoab@hexun.com,Male,8/25/2021,10:30,19:33
Sharona Chatfield,schatfieldac@tiny.cc,Male,3/14/2021,11:28,20:04
Raymund Bosomworth,rbosomworthad@multiply.com,Male,8/31/2021,11:54,12:49
Poul Helliwell,phelliwellae@foxnews.com,Male,11/24/2021,6:03,17:26
Hermia Hunton,hhuntonaf@independent.co.uk,Genderfluid,4/3/2021,8:34,20:03
Livy Lansdown,llansdownag@census.gov,Female,6/24/2021,13:55,22:18
Estella Buesden,ebuesdenah@woothemes.com,Female,5/7/2021,6:20,14:59
Thedric Filmer,tfilmerai@ucla.edu,Male,2/18/2022,7:00,13:59
Mata Nitto,mnittoaj@nature.com,Male,6/3/2021,10:52,21:40
Mart Sell,msellak@cdc.gov,Female,10/16/2021,6:56,21:44
Annelise Botwright,abotwrightal@oakley.com,Bigender,11/3/2021,8:47,15:18
Dorolice Ruppertz,druppertzam@creativecommons.org,Female,7/11/2021,9:22,21:18
Ken Ridgway,kridgwayan@telegraph.co.uk,Female,10/17/2021,11:23,13:45
Cleve Cuckoo,ccuckooao@booking.com,Female,12/12/2021,8:27,17:35
Bekki Bawle,bbawleap@google.co.jp,Male,7/29/2021,6:11,21:51
Brenda Darkott,bdarkottaq@godaddy.com,Female,9/8/2021,13:39,14:40
Jenine Comer,jcomerar@weebly.com,Female,9/21/2021,9:19,14:08
Junette Vasilyev,jvasilyevas@wikipedia.org,Male,7/18/2021,7:49,18:15
Helenka Melsom,hmelsomat@ft.com,Female,4/24/2021,10:19,18:42
Lucila Brisley,lbrisleyau@ft.com,Female,7/31/2021,8:28,12:13
Emilio Rappoport,erappoportav@joomla.org,Female,11/30/2021,8:47,13:35
Bevin Hallgate,bhallgateaw@mashable.com,Female,3/2/2022,7:47,15:14
Orbadiah Coope,ocoopeax@free.fr,Male,3/21/2021,13:21,16:24
Corby Melia,cmeliaay@amazon.de,Female,12/7/2021,11:34,18:48
Juliet Mattson,jmattsonaz@arstechnica.com,Female,1/30/2022,13:35,22:31
Morton Mitchel,mmitchelb0@telegraph.co.uk,Female,11/3/2021,7:30,18:28
Babette Fishbourne,bfishbourneb1@friendfeed.com,Female,2/13/2022,7:39,13:39
Arluene Bransden,abransdenb2@skype.com,Male,10/17/2021,8:40,21:18
Elyse Charge,echargeb3@psu.edu,Male,10/24/2021,7:25,22:33
Axel Thickett,athickettb4@prlog.org,Female,4/16/2021,6:58,22:29
Leandra Dumblton,ldumbltonb5@hubpages.com,Female,6/29/2021,7:30,13:59
Steffi MacMorland,smacmorlandb6@bbc.co.uk,Male,11/22/2021,12:26,14:19
Britt Cartwright,bcartwrightb7@amazonaws.com,Male,6/5/2021,8:58,12:53
Alwin Simla,asimlab8@google.com.br,Male,8/7/2021,13:59,17:36
Corby Heatherington,cheatheringtonb9@biglobe.ne.jp,Male,10/11/2021,8:47,13:03
Ofelia Blaver,oblaverba@blogtalkradio.com,Male,1/1/2022,10:48,13:17
Pryce Darnborough,pdarnboroughbb@weather.com,Male,1/3/2022,13:08,13:58
Liesa Offord,loffordbc@illinois.edu,Female,6/7/2021,12:59,20:47
Flossy Fretwell,ffretwellbd@pagesperso-orange.fr,Male,7/13/2021,11:39,21:36
Amitie Emanuele,aemanuelebe@census.gov,Non-binary,11/28/2021,12:21,21:12
Wallie MacNeish,wmacneishbf@loc.gov,Female,9/1/2021,9:55,13:54
Gisella Shurlock,gshurlockbg@spiegel.de,Male,3/1/2022,11:35,22:07
Gusella Boyd,gboydbh@purevolume.com,Female,4/11/2021,11:49,13:50
Teresita Dawidowsky,tdawidowskybi@nba.com,Female,4/30/2021,12:19,18:58
Mallorie Abrehart,mabrehartbj@constantcontact.com,Male,12/23/2021,13:22,18:58
Eulalie Grellis,egrellisbk@livejournal.com,Male,3/20/2021,9:39,14:44
Webb Bold,wboldbl@flickr.com,Male,1/20/2022,7:21,21:31
Rhianon Marklow,rmarklowbm@businesswire.com,Female,2/12/2022,10:27,16:49
Fernande Bicheno,fbichenobn@buzzfeed.com,Agender,6/29/2021,9:54,17:45
Garek Southard,gsouthardbo@yandex.ru,Male,4/25/2021,14:41,22:59
Freemon Iverson,fiversonbp@parallels.com,Female,1/17/2022,10:27,18:50
Judd Darnborough,jdarnboroughbq@drupal.org,Male,10/26/2021,11:39,22:03
Royal Van Der Walt,rvanbr@blog.com,Female,6/21/2021,14:38,14:37
Demetrius Ambroz,dambrozbs@umn.edu,Female,1/23/2022,6:15,19:24
Nicolas Afield,nafieldbt@hostgator.com,Female,6/20/2021,6:20,18:12
Yuma Balffye,ybalffyebu@netscape.com,Male,7/28/2021,13:47,13:08
Florinda D'Ambrogio,fdambrogiobv@example.com,Female,9/27/2021,11:08,13:22
Marilin Tofano,mtofanobw@list-manage.com,Genderqueer,7/1/2021,11:21,19:14
Philippa Brandsma,pbrandsmabx@geocities.jp,Male,12/1/2021,12:32,21:52
Roseanne Spollen,rspollenby@chronoengine.com,Male,11/3/2021,10:14,22:52
Scarlet Dameisele,sdameiselebz@issuu.com,Female,12/14/2021,9:57,21:06
Jock Spruce,jsprucec0@biblegateway.com,Male,5/18/2021,11:44,15:17
Broddie Earngy,bearngyc1@alibaba.com,Female,12/7/2021,6:11,14:13
Ulrike Greendale,ugreendalec2@sourceforge.net,Female,5/7/2021,7:56,19:14
Jecho Farlamb,jfarlambc3@unc.edu,Female,7/15/2021,9:53,12:43
Chrotoem Deas,cdeasc4@blogger.com,Female,2/20/2022,13:11,20:39
Benyamin Morley,bmorleyc5@wisc.edu,Female,8/6/2021,9:01,18:51
Judith Western,jwesternc6@timesonline.co.uk,Male,7/1/2021,13:22,20:05
Sutherland Beseke,sbesekec7@blogspot.com,Male,11/8/2021,14:31,17:28
Milka Drohan,mdrohanc8@infoseek.co.jp,Non-binary,4/27/2021,7:46,12:41
Vanya Nettle,vnettlec9@nifty.com,Male,5/17/2021,7:59,15:12
Jill Seaborn,jseabornca@sohu.com,Female,1/12/2022,10:35,16:27
Carmelia Cossar,ccossarcb@sohu.com,Female,2/9/2022,8:13,19:49
Margo Tolotti,mtolotticc@merriam-webster.com,Male,7/15/2021,8:43,15:53
Dietrich Gerred,dgerredcd@samsung.com,Female,4/19/2021,7:41,22:54
Wenona Scading,wscadingce@harvard.edu,Female,6/30/2021,11:09,17:51
Ambrosius McGaughey,amcgaugheycf@java.com,Male,8/8/2021,8:00,13:24
Nolana Avory,navorycg@163.com,Male,3/25/2021,11:52,16:40
Corbet Lenglet,clengletch@jiathis.com,Male,6/29/2021,12:47,22:52
Jesus Nardi,jnardici@chicagotribune.com,Female,1/9/2022,8:05,21:30
Marianna Peachey,mpeacheycj@exblog.jp,Female,6/11/2021,7:15,15:25
Avis Tarr,atarrck@webeden.co.uk,Female,2/14/2022,11:35,17:18
Lindy Managh,lmanaghcl@geocities.jp,Female,12/5/2021,11:39,22:04
Ilyse Leith-Harvey,ileithharveycm@opensource.org,Female,3/3/2022,13:37,16:52
Nathanael Cough,ncoughcn@webeden.co.uk,Female,1/22/2022,8:08,15:15
Lawry Wilby,lwilbyco@youtu.be,Female,2/10/2022,7:57,14:44
Laurie Ishak,lishakcp@t-online.de,Female,4/25/2021,10:17,18:01
Karisa Farquarson,kfarquarsoncq@behance.net,Male,8/26/2021,8:47,13:54
Bastien Shellard,bshellardcr@webnode.com,Female,9/23/2021,6:35,15:29
Guenevere Twelve,gtwelvecs@tinypic.com,Female,7/5/2021,10:54,12:43
Leslie Molnar,lmolnarct@forbes.com,Male,10/23/2021,11:34,22:23
Craig Peller,cpellercu@freewebs.com,Male,11/12/2021,13:02,13:15
Dolly Marfell,dmarfellcv@4shared.com,Male,10/4/2021,10:07,20:54
Letti Dumbreck,ldumbreckcw@java.com,Male,1/14/2022,8:43,21:43
Bernete Kernes,bkernescx@spotify.com,Female,2/5/2022,12:34,12:31
Onfre Sherington,osheringtoncy@cmu.edu,Genderfluid,9/16/2021,12:18,14:14
Tonie Collard,tcollardcz@economist.com,Female,12/9/2021,14:33,19:15
Martin Chalmers,mchalmersd0@weibo.com,Male,12/24/2021,11:33,12:49
Lucky Slyvester,lslyvesterd1@sun.com,Female,7/21/2021,14:17,13:49
Lukas Haslock,lhaslockd2@cnet.com,Male,12/10/2021,6:43,18:03
Corabel Niblett,cniblettd3@sbwire.com,Genderqueer,7/24/2021,14:48,22:30
Powell McQuie,pmcquied4@histats.com,Male,6/10/2021,8:32,15:27
Ryan Kondratenko,rkondratenkod5@cargocollective.com,Female,4/17/2021,10:12,18:47
Anny Hansman,ahansmand6@wikipedia.org,Male,2/26/2022,13:32,18:58
Wiley Rykert,wrykertd7@sogou.com,Male,8/30/2021,9:38,22:18
Lock Torrie,ltorried8@telegraph.co.uk,Bigender,11/29/2021,11:35,17:39
Quinta Duplock,qduplockd9@e-recht24.de,Female,8/6/2021,13:51,17:30
Milly Artois,martoisda@booking.com,Polygender,12/13/2021,9:05,14:40
Lorens Signe,lsignedb@dot.gov,Male,7/2/2021,14:13,18:41
Dory Cowp,dcowpdc@slate.com,Female,7/19/2021,7:51,17:37
Josefina Enrigo,jenrigodd@marriott.com,Male,5/12/2021,8:45,16:07
Jessee Stout,jstoutde@webeden.co.uk,Male,9/4/2021,6:02,16:07
Matthew Dabbes,mdabbesdf@senate.gov,Female,12/9/2021,6:00,14:35
Johnnie Varne,jvarnedg@stumbleupon.com,Male,1/23/2022,10:07,21:12
Beryle Orans,boransdh@wikipedia.org,Male,12/22/2021,11:49,18:31
Salli McClurg,smcclurgdi@nationalgeographic.com,Genderfluid,6/22/2021,10:18,14:49
Celle Pelos,cpelosdj@arstechnica.com,Male,12/19/2021,9:08,20:15
Reta Batchley,rbatchleydk@omniture.com,Male,8/12/2021,10:05,20:55
Gustaf Wishkar,gwishkardl@un.org,Female,1/21/2022,11:42,15:44
Gasparo McRannell,gmcrannelldm@oakley.com,Female,4/17/2021,9:01,12:36
Gage Chattelaine,gchattelainedn@un.org,Male,1/5/2022,7:20,14:05
Karlene Whittaker,kwhittakerdo@nasa.gov,Female,12/9/2021,9:32,12:36
Doralin Skahill,dskahilldp@engadget.com,Genderqueer,5/9/2021,10:34,21:22
Garik Eisikowitch,geisikowitchdq@google.nl,Female,10/17/2021,13:17,13:01
Cristionna Rowling,crowlingdr@angelfire.com,Female,3/22/2021,6:03,13:12
Johnnie Scobie,jscobieds@mapquest.com,Female,1/28/2022,6:59,15:18
Jenelle McLagan,jmclagandt@miibeian.gov.cn,Male,5/29/2021,14:34,16:39
Mildrid Klimkov,mklimkovdu@netlog.com,Female,9/26/2021,13:20,17:40
Sully Grinnell,sgrinnelldv@deviantart.com,Male,10/8/2021,6:24,14:08
Gerrard Wanklyn,gwanklyndw@linkedin.com,Female,4/2/2021,7:42,12:53
Hodge Duran,hdurandx@about.com,Female,9/24/2021,10:07,14:05
Eveleen Handrahan,ehandrahandy@amazon.co.uk,Female,7/30/2021,10:26,15:25
Zach Sponton,zspontondz@bravesites.com,Male,11/24/2021,12:12,18:06
Chrisse Leadbeatter,cleadbeattere0@instagram.com,Female,8/18/2021,9:05,18:05
Larine Kitchenman,lkitchenmane1@comcast.net,Male,4/13/2021,11:51,19:49
Quent Steart,qstearte2@businessinsider.com,Female,1/3/2022,13:47,19:41
Esmaria Millwater,emillwatere3@freewebs.com,Female,12/24/2021,9:47,17:30
Galven Ruffli,grufflie4@skype.com,Male,12/4/2021,12:41,12:11
Sella Rendbaek,srendbaeke5@ucoz.com,Female,1/3/2022,11:45,12:00
Kalle Zanassi,kzanassie6@ibm.com,Male,11/11/2021,9:27,14:06
Mayer Caws,mcawse7@illinois.edu,Male,10/5/2021,9:20,15:09
Whittaker Pass,wpasse8@ca.gov,Female,5/18/2021,14:58,15:14
Cathrin Brindley,cbrindleye9@umn.edu,Male,5/29/2021,9:24,12:55
Emmalee Lecordier,elecordierea@chicagotribune.com,Female,8/10/2021,10:01,15:56
Burl Casier,bcasiereb@wikia.com,Female,9/12/2021,14:42,15:51
Hewe Addlestone,haddlestoneec@parallels.com,Female,5/3/2021,7:12,13:18
Blinni Roddick,broddicked@merriam-webster.com,Bigender,9/6/2021,13:44,21:29
Marty Bromehed,mbromehedee@dmoz.org,Female,7/28/2021,14:11,21:49
Trixi Toseland,ttoselandef@jiathis.com,Male,3/15/2021,7:29,18:55
Hewe Klulik,hklulikeg@nba.com,Male,12/9/2021,13:36,12:49
Meredithe Brownell,mbrownelleh@tinyurl.com,Female,3/3/2022,11:27,17:30
Daveta Sabater,dsabaterei@umn.edu,Female,6/9/2021,10:26,18:44
Boot Maynell,bmaynellej@pinterest.com,Genderqueer,6/7/2021,6:12,17:46
Gina Thornbarrow,gthornbarrowek@gmpg.org,Female,3/12/2022,13:07,18:18
Georg Burrage,gburrageel@independent.co.uk,Male,8/10/2021,11:09,14:30
Zedekiah Ellaway,zellawayem@cmu.edu,Polygender,2/27/2022,9:49,21:55
Stacia Simpkins,ssimpkinsen@chron.com,Female,5/17/2021,9:13,20:58
Isadore Comsty,icomstyeo@seesaa.net,Female,6/13/2021,13:14,15:53
Shandeigh Christophe,schristopheep@freewebs.com,Male,1/23/2022,9:26,15:39
Thorndike Cogar,tcogareq@sitemeter.com,Female,10/26/2021,10:37,21:33
Lorraine Davioud,ldaviouder@quantcast.com,Female,6/27/2021,8:40,22:55
Lanni Petrusch,lpetrusches@tripod.com,Male,8/24/2021,7:48,19:41
Gaylord Ferrieres,gferriereset@google.com.au,Male,7/20/2021,14:00,21:46
Benedetta Murra,bmurraeu@addtoany.com,Female,10/1/2021,7:04,22:07
Carilyn Pontin,cpontinev@vk.com,Female,7/8/2021,14:05,14:16
Nola Scandred,nscandredew@upenn.edu,Male,8/12/2021,6:31,18:10
Victor Sockell,vsockellex@blogs.com,Female,5/18/2021,13:40,22:29
Codi Cackett,ccackettey@51.la,Male,5/17/2021,7:02,19:56
Ingrim Draxford,idraxfordez@google.com.au,Male,3/3/2022,6:44,17:20
Lilah Bruhke,lbruhkef0@paypal.com,Male,11/12/2021,14:04,21:42
Zerk Khrishtafovich,zkhrishtafovichf1@slideshare.net,Agender,4/27/2021,14:18,18:13
Henrie Croll,hcrollf2@arstechnica.com,Female,12/4/2021,14:25,22:22
Andres Manvelle,amanvellef3@dailymotion.com,Female,9/14/2021,14:11,16:50
Ashlen Flynn,aflynnf4@sakura.ne.jp,Male,1/9/2022,11:47,22:23
Nico Neat,nneatf5@businessinsider.com,Male,4/14/2021,6:07,17:32
Elwira Matitiaho,ematitiahof6@netvibes.com,Male,11/11/2021,7:48,22:30
Laraine Mengue,lmenguef7@livejournal.com,Male,7/31/2021,12:57,20:37
Ruth Sherrock,rsherrockf8@bbb.org,Female,12/8/2021,14:04,20:44
Pate Jarmaine,pjarmainef9@trellian.com,Female,4/4/2021,12:53,20:17
Shane Habercham,shaberchamfa@tamu.edu,Male,12/1/2021,7:56,15:17
Cullen Zollner,czollnerfb@google.it,Male,4/30/2021,14:54,19:37
Noemi Belchamp,nbelchampfc@themeforest.net,Female,7/30/2021,13:13,21:34
Pietro Koppke,pkoppkefd@time.com,Female,1/16/2022,9:16,17:37
Anica Rival,arivalfe@slate.com,Female,1/1/2022,9:17,19:55
Chadwick Colisbe,ccolisbeff@squidoo.com,Female,10/5/2021,10:39,19:32
Fiann Tremoille,ftremoillefg@yelp.com,Female,3/2/2022,7:45,13:05
Tonye Pinnell,tpinnellfh@cisco.com,Male,10/19/2021,9:24,15:43
Dynah Yuryaev,dyuryaevfi@upenn.edu,Female,9/4/2021,6:17,12:57
Kristo Perell,kperellfj@go.com,Bigender,2/12/2022,7:01,22:44
Camala Greim,cgreimfk@state.tx.us,Male,6/3/2021,11:13,22:01
Florette Bettridge,fbettridgefl@123-reg.co.uk,Bigender,11/21/2021,11:40,22:59
Rodge Tilston,rtilstonfm@discovery.com,Female,11/3/2021,7:45,18:15
Darnall Frangleton,dfrangletonfn@simplemachines.org,Female,11/21/2021,10:51,15:06
Meridel Biaggiotti,mbiaggiottifo@bbb.org,Male,3/18/2021,14:46,16:32
Colver Sivewright,csivewrightfp@yahoo.com,Male,10/21/2021,14:21,15:04
Murvyn McKevin,mmckevinfq@washington.edu,Male,3/26/2021,8:51,14:02
Loria Coulthard,lcoulthardfr@ibm.com,Male,9/11/2021,7:47,20:24
Donia Abbado,dabbadofs@infoseek.co.jp,Female,3/11/2022,13:59,20:39
Sterling Petrushka,spetrushkaft@sphinn.com,Male,5/27/2021,7:13,15:17
Herman Pisculli,hpiscullifu@youku.com,Male,9/21/2021,9:26,21:21
Corbett Holdforth,choldforthfv@amazonaws.com,Female,3/20/2021,9:20,20:24
Alida Simpole,asimpolefw@free.fr,Male,6/8/2021,13:23,20:49
Anjela Carlin,acarlinfx@berkeley.edu,Female,6/12/2021,8:18,20:26
Say Paxforde,spaxfordefy@harvard.edu,Female,7/24/2021,8:13,22:21
Cullan Brucker,cbruckerfz@wiley.com,Male,2/18/2022,14:14,18:04
Tiffi Tureville,tturevilleg0@altervista.org,Female,11/2/2021,14:44,22:27
Cross Caret,ccaretg1@jigsy.com,Male,1/9/2022,14:19,16:46
Aleen Dunn,adunng2@furl.net,Female,11/12/2021,7:18,17:02
Leelah Jery,ljeryg3@multiply.com,Male,6/25/2021,13:25,22:05
Lynnett Crossdale,lcrossdaleg4@mapy.cz,Polygender,6/17/2021,12:53,22:58
Matthaeus De Ruggiero,mdeg5@cafepress.com,Female,1/25/2022,14:18,22:25
Frankie Mulleary,fmullearyg6@skyrock.com,Non-binary,6/14/2021,7:15,19:27
Flossi Minget,fmingetg7@fema.gov,Male,3/14/2021,13:16,16:25
Roxie Paulton,rpaultong8@a8.net,Female,5/19/2021,10:08,20:41
Pincas Gethouse,pgethouseg9@reference.com,Polygender,3/29/2021,8:04,12:41
Albertine Lampard,alampardga@instagram.com,Male,10/22/2021,8:06,22:47
Raynell Dodimead,rdodimeadgb@census.gov,Polygender,3/22/2021,12:49,13:27
Nevsa Myner,nmynergc@kickstarter.com,Female,2/14/2022,12:52,19:31
Valina Mallock,vmallockgd@intel.com,Genderqueer,3/17/2021,10:19,22:43
Neall Bullivant,nbullivantge@yellowpages.com,Genderfluid,11/27/2021,8:11,18:40
Dorette Lindro,dlindrogf@phpbb.com,Female,2/19/2022,12:43,12:57
Maggee Moreno,mmorenogg@4shared.com,Male,3/7/2022,7:24,13:17
Travers Swaine,tswainegh@1und1.de,Agender,12/27/2021,8:38,18:28
Katrine Seven,ksevengi@indiegogo.com,Male,2/13/2022,9:48,22:06
Rafaellle Kendal,rkendalgj@nba.com,Female,8/19/2021,13:10,22:24
Ira Leedes,ileedesgk@sbwire.com,Female,9/28/2021,14:15,13:29
Isak Pashan,ipashangl@pagesperso-orange.fr,Female,6/11/2021,9:56,14:50
Felix McGinlay,fmcginlaygm@illinois.edu,Male,4/11/2021,9:16,17:37
Briano Ayllett,bayllettgn@pcworld.com,Female,8/13/2021,6:10,13:43
Umeko Dwerryhouse,udwerryhousego@wsj.com,Male,3/23/2021,7:37,17:28
Arlee O'Mara,aomaragp@comsenz.com,Male,11/10/2021,8:38,17:11
Tann Meletti,tmelettigq@yelp.com,Female,12/17/2021,9:11,20:39
Van Strangward,vstrangwardgr@tmall.com,Bigender,3/6/2022,6:04,17:41
Major Eringey,meringeygs@nbcnews.com,Female,12/26/2021,14:15,17:09
Tye Rugg,trugggt@disqus.com,Male,2/2/2022,6:22,17:53
Siward Applebee,sapplebeegu@kickstarter.com,Female,3/20/2021,8:03,19:53
Conrado Horbart,chorbartgv@intel.com,Female,5/20/2021,10:03,21:13
Taite Dearle-Palser,tdearlepalsergw@issuu.com,Non-binary,4/28/2021,8:23,15:32
Winfred Privett,wprivettgx@sphinn.com,Male,11/25/2021,8:02,20:06
Carlyn Lob,clobgy@4shared.com,Female,12/21/2021,6:22,14:49
Bianka Rickman,brickmangz@opera.com,Male,5/1/2021,8:02,21:16
Jeffrey Simpole,jsimpoleh0@wufoo.com,Female,5/19/2021,13:24,18:50
Chev Headan,cheadanh1@domainmarket.com,Male,8/9/2021,7:57,12:52
Quinn Terrans,qterransh2@europa.eu,Male,1/29/2022,6:36,12:15
Phyllida Bicheno,pbichenoh3@w3.org,Female,3/8/2022,11:06,15:09
Winny Phelp,wphelph4@webs.com,Male,12/22/2021,6:55,19:56
Kacie Roebuck,kroebuckh5@1688.com,Male,1/1/2022,10:13,22:30
Kale Misken,kmiskenh6@merriam-webster.com,Genderfluid,10/16/2021,11:42,21:17
Forster Weadick,fweadickh7@spiegel.de,Male,1/12/2022,7:28,18:05
Sheffie Varden,svardenh8@bluehost.com,Female,9/27/2021,8:38,19:05
Grayce Perulli,gperullih9@naver.com,Genderfluid,12/16/2021,11:49,17:43
Ronalda Montilla,rmontillaha@jugem.jp,Female,3/22/2021,8:32,16:29
Horton Sokell,hsokellhb@pagesperso-orange.fr,Male,12/2/2021,7:10,21:56
Thatch Seggie,tseggiehc@free.fr,Male,9/11/2021,9:08,18:07
Ronica Trittam,rtrittamhd@e-recht24.de,Female,1/4/2022,10:47,13:05
Steffie Forst,sforsthe@mapy.cz,Female,7/9/2021,13:37,19:04
Jessika Slesser,jslesserhf@businessinsider.com,Male,9/9/2021,6:37,21:41
Valencia Giovanitti,vgiovanittihg@dmoz.org,Female,4/22/2021,13:04,13:00
Raoul Mapples,rmappleshh@addthis.com,Female,2/28/2022,14:45,21:34
Teressa Alcoran,talcoranhi@123-reg.co.uk,Male,4/25/2021,12:01,22:00
Corrina Tebbitt,ctebbitthj@ezinearticles.com,Male,7/6/2021,9:59,21:22
Jobi Woolgar,jwoolgarhk@opensource.org,Male,7/4/2021,12:28,18:34
Sholom O'Noland,sonolandhl@soundcloud.com,Male,1/6/2022,11:31,17:53
Annette Slate,aslatehm@mac.com,Female,11/23/2021,6:09,15:21
Oren Itscowics,oitscowicshn@wordpress.com,Female,6/7/2021,11:47,15:59
Yvette Nutbeam,ynutbeamho@techcrunch.com,Female,7/21/2021,7:49,13:47
Christoper LaBastida,clabastidahp@woothemes.com,Female,8/18/2021,10:20,20:27
Zechariah Wells,zwellshq@senate.gov,Female,8/15/2021,10:01,22:33
Amby Di Biagi,adihr@live.com,Female,6/26/2021,14:22,20:21
Dannie Spoerl,dspoerlhs@narod.ru,Female,11/9/2021,7:23,13:02
Kerrill Ledekker,kledekkerht@geocities.jp,Female,3/6/2022,12:15,20:41
Revkah Eburah,reburahhu@dedecms.com,Male,10/17/2021,14:45,22:18
Ewan Smalecombe,esmalecombehv@mail.ru,Female,5/31/2021,14:06,18:02
Mitchel Lowther,mlowtherhw@gravatar.com,Male,1/21/2022,13:51,20:29
Guillemette Cleworth,gcleworthhx@blogger.com,Female,12/27/2021,8:43,22:09
Monte Kirkland,mkirklandhy@networksolutions.com,Female,3/27/2021,10:40,14:47
Dasya Lamming,dlamminghz@php.net,Female,1/23/2022,8:43,15:10
Enrica Peebles,epeeblesi0@friendfeed.com,Male,9/2/2021,6:10,20:55
Ewell Hair,ehairi1@ebay.com,Male,3/20/2021,13:12,18:37
Lelia Sarver,lsarveri2@com.com,Genderqueer,11/4/2021,14:00,16:16
Farah Domleo,fdomleoi3@plala.or.jp,Female,8/15/2021,12:09,14:05
Grethel Suart,gsuarti4@umn.edu,Male,9/10/2021,10:51,12:40
Odele Schubbert,oschubberti5@t-online.de,Male,2/4/2022,6:44,19:12
Thane Nock,tnocki6@aboutads.info,Male,12/23/2021,14:02,12:02
Giustino McKennan,gmckennani7@digg.com,Genderfluid,8/27/2021,7:30,22:14
Lev Cowherd,lcowherdi8@istockphoto.com,Male,11/20/2021,12:12,22:54
Erna Burnard,eburnardi9@cpanel.net,Female,11/27/2021,14:47,22:44
Gilles Eaglesham,geagleshamia@fastcompany.com,Male,4/9/2021,13:41,18:20
Dorine Boyse,dboyseib@bloomberg.com,Female,3/20/2021,8:33,14:28
Julita Paulmann,jpaulmannic@home.pl,Male,9/27/2021,11:50,21:25
Ade Brill,abrillid@cmu.edu,Female,3/6/2022,10:30,21:41
Ethelind Spawell,espawellie@indiegogo.com,Female,9/28/2021,11:01,16:47
Eda Skoggins,eskogginsif@go.com,Female,3/25/2021,13:14,18:29
Giselbert Chaston,gchastonig@sourceforge.net,Female,6/6/2021,12:01,14:05
Libbey Eckly,lecklyih@hibu.com,Female,11/22/2021,10:12,17:31
Nikolai Balazs,nbalazsii@pen.io,Male,6/8/2021,13:56,17:45
Stanislaus Vodden,svoddenij@edublogs.org,Male,2/14/2022,9:49,22:11
Mendy Southorn,msouthornik@theguardian.com,Female,8/19/2021,13:22,12:07
Amii Jillett,ajillettil@vistaprint.com,Bigender,7/27/2021,6:08,17:42
Shoshana Schrader,sschraderim@liveinternet.ru,Male,2/28/2022,7:20,16:39
Daron Moncur,dmoncurin@cafepress.com,Female,4/1/2021,13:28,16:27
Margery Richie,mrichieio@usda.gov,Female,6/23/2021,7:32,21:23
Alvy Braams,abraamsip@parallels.com,Non-binary,3/13/2021,6:14,16:30
Kassi O'Reagan,koreaganiq@mozilla.org,Female,12/21/2021,11:42,14:49
Danni Merrett,dmerrettir@dot.gov,Male,12/19/2021,11:09,20:29
Donnajean de Bullion,ddeis@theatlantic.com,Non-binary,4/14/2021,7:30,19:45
Kimmi Churchley,kchurchleyit@wordpress.com,Female,7/27/2021,7:52,20:30
Lynett Portriss,lportrissiu@privacy.gov.au,Male,9/1/2021,13:49,12:58
Yasmeen Costello,ycostelloiv@ibm.com,Male,4/6/2021,13:27,16:00
Derk Matiasek,dmatiasekiw@dropbox.com,Male,1/11/2022,8:30,19:43
Allis Dunseath,adunseathix@apache.org,Female,10/1/2021,11:33,21:56
Pepillo O'Carrol,pocarroliy@fema.gov,Male,8/4/2021,11:40,21:54
Claus Elwel,celweliz@miitbeian.gov.cn,Genderfluid,4/19/2021,7:36,21:44
Garek Melior,gmeliorj0@statcounter.com,Agender,6/12/2021,12:13,13:20
Dulcea Flintoft,dflintoftj1@cmu.edu,Female,12/3/2021,8:05,13:42
Jeannine Stroobant,jstroobantj2@archive.org,Female,6/29/2021,11:20,16:53
Clarinda Morefield,cmorefieldj3@123-reg.co.uk,Female,2/10/2022,11:35,14:03
Pierce Rolfe,prolfej4@ca.gov,Female,7/3/2021,9:05,21:16
Demetre O'Mara,domaraj5@adobe.com,Male,5/24/2021,12:29,14:53
Harold Spelwood,hspelwoodj6@gov.uk,Male,1/11/2022,13:39,15:30
Gabe Herche,gherchej7@wunderground.com,Male,1/20/2022,10:09,15:17
Denver Storror,dstorrorj8@un.org,Male,7/21/2021,9:08,15:21
Godfree Rimington,grimingtonj9@tripadvisor.com,Female,10/21/2021,11:13,16:10
Carlee Chillistone,cchillistoneja@google.ru,Male,8/21/2021,12:49,20:36
Carolin Sparry,csparryjb@cornell.edu,Male,5/12/2021,7:20,19:13
Daryl Bowcock,dbowcockjc@unc.edu,Male,12/26/2021,13:09,18:50
Ethelind Lippard,elippardjd@zimbio.com,Male,6/22/2021,13:52,20:49
Sabrina Revie,srevieje@cnn.com,Male,12/30/2021,14:22,12:33
Erin Ganley,eganleyjf@exblog.jp,Male,5/21/2021,9:04,18:21
Maude Pedden,mpeddenjg@ucoz.com,Male,10/22/2021,14:10,17:33
Sloan Chritchley,schritchleyjh@mozilla.com,Male,5/1/2021,6:57,18:52
Gale Otteridge,gotteridgeji@ucsd.edu,Female,11/12/2021,9:25,12:26
Roman Vaneev,rvaneevjj@walmart.com,Male,9/17/2021,13:41,15:31
Gerri Sillars,gsillarsjk@homestead.com,Male,12/8/2021,7:00,16:16
Van Barens,vbarensjl@desdev.cn,Male,5/6/2021,14:24,20:19
Tami Overshott,tovershottjm@blogs.com,Agender,9/18/2021,8:00,17:06
Had Tewnion,htewnionjn@liveinternet.ru,Female,7/9/2021,14:57,17:10
Rosalyn Songist,rsongistjo@dropbox.com,Male,7/18/2021,12:03,15:52
Noni Flook,nflookjp@ow.ly,Male,7/27/2021,11:38,21:45
Jany Wallett,jwallettjq@indiegogo.com,Female,6/24/2021,14:36,12:59
Bartholomeo Bridgens,bbridgensjr@cargocollective.com,Male,12/11/2021,14:09,14:15
Amelia Gatehouse,agatehousejs@soup.io,Female,12/1/2021,11:39,20:10
Gustavo Oby,gobyjt@xinhuanet.com,Male,10/19/2021,12:23,20:25
Lynelle Tschierse,ltschierseju@rediff.com,Male,7/23/2021,8:42,20:40
Gayel Pattington,gpattingtonjv@google.nl,Male,9/17/2021,12:33,12:16
Rutger Dewbury,rdewburyjw@acquirethisname.com,Female,9/21/2021,9:47,17:36
Gaylord Henfre,ghenfrejx@yellowpages.com,Male,1/8/2022,12:03,15:39
Roselia Hebron,rhebronjy@youtube.com,Female,3/29/2021,6:38,17:33
Molli Sargerson,msargersonjz@vk.com,Female,8/25/2021,7:40,17:42
Rae Draijer,rdraijerk0@trellian.com,Agender,11/16/2021,12:04,21:06
Deva Plowright,dplowrightk1@oakley.com,Male,9/22/2021,14:34,19:00
Brodie Guppey,bguppeyk2@ox.ac.uk,Male,6/17/2021,7:20,19:43
Koressa McKague,kmckaguek3@fc2.com,Female,5/12/2021,6:24,15:09
Paige Mioni,pmionik4@biglobe.ne.jp,Female,1/23/2022,13:01,17:36
Arleen Stuckford,astuckfordk5@elpais.com,Female,1/23/2022,11:19,18:55
Alva Krochmann,akrochmannk6@google.pl,Female,6/22/2021,13:31,13:06
Rubetta Feak,rfeakk7@mtv.com,Male,11/15/2021,6:11,12:17
Nataniel Videneev,nvideneevk8@unc.edu,Female,10/16/2021,14:50,19:21
Gwen Swarbrick,gswarbrickk9@facebook.com,Male,4/23/2021,13:01,17:56
Bancroft Kubal,bkubalka@fema.gov,Female,4/30/2021,11:42,15:10
Urban Coffee,ucoffeekb@ycombinator.com,Female,3/12/2022,10:47,22:59
Alys Gouda,agoudakc@virginia.edu,Non-binary,11/10/2021,9:05,14:22
Danya Lindop,dlindopkd@eepurl.com,Agender,10/26/2021,11:22,14:30
Rodolfo Allcott,rallcottke@cdc.gov,Female,7/14/2021,12:36,14:26
Kevin Stearnes,kstearneskf@weather.com,Genderfluid,3/24/2021,8:39,12:18
Sara Jacklin,sjacklinkg@prweb.com,Male,11/22/2021,6:23,13:25
Elsy Rippin,erippinkh@discuz.net,Female,10/2/2021,11:19,14:21
Meryl Longhorne,mlonghorneki@cafepress.com,Female,6/27/2021,9:47,16:07
Glennie Seys,gseyskj@github.com,Female,1/5/2022,13:25,15:49
Von Yurkiewicz,vyurkiewiczkk@paginegialle.it,Non-binary,6/22/2021,10:36,21:57
Blaine Muncer,bmuncerkl@mapy.cz,Polygender,10/26/2021,9:48,17:44
Barny Shimon,bshimonkm@oracle.com,Male,3/10/2022,13:54,13:27
Rustie Brame,rbramekn@umn.edu,Female,12/10/2021,12:10,20:18
Menard Simpkins,msimpkinsko@unc.edu,Male,1/29/2022,13:59,17:47
Loralie Dallemore,ldallemorekp@360.cn,Male,3/6/2022,13:33,20:59
Deborah Allmen,dallmenkq@vkontakte.ru,Male,9/11/2021,12:53,16:43
Burlie Varden,bvardenkr@sphinn.com,Male,3/8/2022,11:30,17:13
Colan Tidbold,ctidboldks@hibu.com,Male,12/25/2021,9:54,19:18
Clay Godfery,cgodferykt@cdc.gov,Male,8/27/2021,11:52,13:35
Edmon Jeskins,ejeskinsku@paginegialle.it,Male,8/22/2021,8:28,12:46
Lorita Dripps,ldrippskv@blinklist.com,Male,1/4/2022,7:17,16:06
Emmey Rulf,erulfkw@slate.com,Genderqueer,2/17/2022,10:06,19:18
Elfreda Ausello,eausellokx@123-reg.co.uk,Male,3/13/2021,7:55,15:54
Annelise Cardello,acardelloky@si.edu,Male,4/1/2021,10:27,21:13
Ashil Slite,aslitekz@ask.com,Female,10/19/2021,8:58,16:02
Armand McCamish,amccamishl0@usda.gov,Male,9/4/2021,14:54,14:07
Axel Drohan,adrohanl1@unesco.org,Male,9/23/2021,10:52,22:04
Arlee Lawdham,alawdhaml2@indiegogo.com,Male,4/23/2021,8:13,19:36
Jeddy Pentin,jpentinl3@icq.com,Male,1/31/2022,11:36,21:49
Lizabeth Pavlata,lpavlatal4@nhs.uk,Male,8/8/2021,6:36,12:46
Aridatha Ridgwell,aridgwelll5@nifty.com,Female,11/2/2021,9:59,12:27
Colas Moyser,cmoyserl6@google.ca,Female,6/26/2021,8:15,19:53
Xena Deeves,xdeevesl7@angelfire.com,Female,10/28/2021,12:11,12:43
Louise Long,llongl8@indiegogo.com,Female,5/10/2021,12:54,13:09
Sibeal Anfusso,sanfussol9@deliciousdays.com,Female,2/15/2022,11:43,21:12
Merrielle Skeels,mskeelsla@webnode.com,Female,9/16/2021,10:28,13:52
Willow Garrold,wgarroldlb@archive.org,Male,2/13/2022,13:26,17:41
Rois Stickel,rstickellc@deliciousdays.com,Male,4/1/2021,9:03,19:14
Napoleon Salsberg,nsalsbergld@shop-pro.jp,Male,5/5/2021,10:23,15:07
Sky Plett,splettle@yellowbook.com,Male,5/19/2021,7:46,12:22
Josiah Bailess,jbailesslf@symantec.com,Female,4/28/2021,11:43,14:07
Hakeem Shelvey,hshelveylg@wp.com,Male,6/24/2021,13:09,16:47
Paulina Ricardet,pricardetlh@adobe.com,Female,2/20/2022,12:04,22:01
Holmes Daggett,hdaggettli@bbc.co.uk,Male,1/7/2022,12:54,18:40
Tamar Mably,tmablylj@hibu.com,Male,9/4/2021,8:31,19:50
Farlee Laybourne,flaybournelk@biglobe.ne.jp,Male,2/21/2022,13:54,19:43
Sukey Halpin,shalpinll@hp.com,Male,4/25/2021,13:58,14:19
Alwyn Swatheridge,aswatheridgelm@wikimedia.org,Polygender,2/3/2022,14:52,14:57
Agnola Hext,ahextln@scientificamerican.com,Female,9/14/2021,8:41,21:26
Mercie Bruford,mbrufordlo@networksolutions.com,Female,10/2/2021,14:20,16:22
Gussy Billany,gbillanylp@boston.com,Male,12/18/2021,9:13,21:51
Sherman Enrique,senriquelq@example.com,Female,4/16/2021,9:52,17:09
Nicola Stalley,nstalleylr@ustream.tv,Female,2/5/2022,14:29,21:58
Ynes Kitchingman,ykitchingmanls@wunderground.com,Female,3/17/2021,11:08,15:11
Lauree Aspinwall,laspinwalllt@joomla.org,Non-binary,3/24/2021,7:26,14:39
Nanette McKoy,nmckoylu@baidu.com,Male,7/26/2021,11:12,15:15
Ferdy Cardero,fcarderolv@house.gov,Male,10/5/2021,9:35,12:45
Joye Denver,jdenverlw@intel.com,Male,5/21/2021,13:16,21:49
Bale Heyfield,bheyfieldlx@a8.net,Male,11/3/2021,10:49,14:59
Harp Brahan,hbrahanly@nbcnews.com,Female,4/3/2021,13:41,22:47
Egor Kuhnert,ekuhnertlz@ucla.edu,Male,8/18/2021,7:01,14:05
Mariam Saltwell,msaltwellm0@yellowpages.com,Male,12/16/2021,10:36,19:36
Kary Surgeoner,ksurgeonerm1@unc.edu,Female,12/30/2021,13:30,20:19
Prentiss Frobisher,pfrobisherm2@hugedomains.com,Female,10/5/2021,8:11,19:40
Tamarah De Maine,tdem3@cisco.com,Male,3/22/2021,12:45,12:18
Lib Gwinnel,lgwinnelm4@ycombinator.com,Female,7/25/2021,9:19,13:15
Liam Ekkel,lekkelm5@wp.com,Female,4/4/2021,8:21,22:42
Cristionna Brown,cbrownm6@angelfire.com,Female,12/21/2021,11:30,13:42
Peder Heffy,pheffym7@purevolume.com,Female,7/21/2021,12:25,14:04
Nancie Buske,nbuskem8@examiner.com,Male,5/28/2021,7:49,15:23
Rich Haggata,rhaggatam9@wix.com,Male,1/13/2022,7:26,17:01
Bridget Saill,bsaillma@i2i.jp,Female,12/30/2021,6:07,13:21
Lyndel Bourgourd,lbourgourdmb@squarespace.com,Female,4/8/2021,11:08,12:22
Conrad Snelgar,csnelgarmc@boston.com,Female,1/13/2022,10:51,22:51
Hubert Accum,haccummd@nbcnews.com,Female,10/20/2021,7:47,14:02
Ivette Burnsall,iburnsallme@icio.us,Female,1/23/2022,9:23,15:23
Brianne Staden,bstadenmf@rambler.ru,Female,9/19/2021,13:47,17:14
Englebert Angric,eangricmg@gnu.org,Female,1/17/2022,13:44,18:49
Skip Riddett,sriddettmh@seesaa.net,Female,6/19/2021,8:37,14:49
Harlan Farquarson,hfarquarsonmi@foxnews.com,Female,5/2/2021,8:07,21:41
Davis Stuckow,dstuckowmj@time.com,Female,2/13/2022,6:53,15:01
Ulberto Excell,uexcellmk@ca.gov,Female,2/13/2022,14:42,12:24
Katy Kinchlea,kkinchleaml@google.com.au,Polygender,8/25/2021,8:34,15:20
Clementius Dominico,cdominicomm@virginia.edu,Male,2/22/2022,9:58,13:42
Karen Weagener,kweagenermn@hp.com,Female,11/24/2021,11:46,15:00
Cloris Crofthwaite,ccrofthwaitemo@ocn.ne.jp,Female,12/26/2021,12:43,22:18
Leroy MacMenamin,lmacmenaminmp@fema.gov,Non-binary,2/21/2022,9:48,22:53
Meggy Launder,mlaundermq@ox.ac.uk,Bigender,11/11/2021,13:29,14:49
Nathanael Hawkin,nhawkinmr@census.gov,Female,10/3/2021,13:43,15:38
Merrielle Woodnutt,mwoodnuttms@dedecms.com,Male,4/16/2021,7:42,18:14
Giffy Althorp,galthorpmt@seesaa.net,Polygender,8/16/2021,12:06,18:07
Bernelle Castellucci,bcastelluccimu@eepurl.com,Female,3/31/2021,6:37,21:07
Melisa Humbee,mhumbeemv@symantec.com,Female,9/5/2021,10:38,17:38
Fraze Moyles,fmoylesmw@slashdot.org,Female,3/6/2022,9:19,16:24
Torre Gullivan,tgullivanmx@networksolutions.com,Male,9/30/2021,6:33,19:50
Sharyl Shailer,sshailermy@seesaa.net,Female,10/14/2021,11:27,15:27
Jayne Laite,jlaitemz@51.la,Male,11/20/2021,8:47,22:57
Kris Bollans,kbollansn0@is.gd,Male,3/20/2021,11:16,17:32
Sherie Shakshaft,sshakshaftn1@opensource.org,Male,2/11/2022,8:55,12:49
Loydie Mulles,lmullesn2@flavors.me,Male,2/24/2022,13:14,20:47
Micheil Asple,masplen3@infoseek.co.jp,Male,8/18/2021,7:09,15:03
Judie Norwell,jnorwelln4@theatlantic.com,Female,9/17/2021,14:57,13:07
Augusta Rowdell,arowdelln5@g.co,Male,4/1/2021,6:22,15:39
Jasmine Bartaletti,jbartalettin6@sitemeter.com,Male,5/6/2021,13:38,18:08
Tobin Gooderham,tgooderhamn7@wikia.com,Male,7/15/2021,10:57,18:33
Dredi Culpan,dculpann8@cmu.edu,Male,10/15/2021,7:17,14:43
Aymer Fodden,afoddenn9@yahoo.com,Male,7/5/2021,9:57,18:45
Jolene McMearty,jmcmeartyna@csmonitor.com,Male,3/17/2021,7:49,17:59
Hertha Wortman,hwortmannb@admin.ch,Female,8/11/2021,14:04,22:20
Terri MacDermott,tmacdermottnc@tripod.com,Female,2/27/2022,8:48,16:08
Orson Laver,olavernd@elegantthemes.com,Female,9/6/2021,6:58,14:57
Bev Houndesome,bhoundesomene@hatena.ne.jp,Male,1/10/2022,14:21,21:42
Joscelin Tomlin,jtomlinnf@vinaora.com,Female,9/22/2021,10:16,15:11
Free Castro,fcastrong@amazon.co.uk,Female,3/18/2021,11:33,16:44
Torey Rowlatt,trowlattnh@yale.edu,Female,12/10/2021,6:08,18:04
Corene Blannin,cblanninni@1und1.de,Male,12/1/2021,8:23,15:18
Joel Valentine,jvalentinenj@hc360.com,Female,3/9/2022,10:37,22:16
Haslett Passingham,hpassinghamnk@narod.ru,Male,3/2/2022,8:29,18:55
Ainsley Yeldham,ayeldhamnl@wordpress.com,Male,7/24/2021,11:54,21:26
Pietra Crone,pcronenm@bloomberg.com,Male,5/11/2021,10:05,12:34
Bertram Theodore,btheodorenn@stanford.edu,Male,9/20/2021,9:04,19:19
Xever McGarva,xmcgarvano@economist.com,Male,12/1/2021,9:51,12:42
Gael Jannequin,gjannequinnp@slideshare.net,Female,4/19/2021,7:38,12:17
Rosamond Mussolini,rmussolininq@cpanel.net,Male,12/14/2021,9:37,16:38
Teriann Wigg,twiggnr@sbwire.com,Male,8/15/2021,11:41,16:00
Tailor Piser,tpiserns@creativecommons.org,Female,1/20/2022,11:59,16:35
Merissa Wyre,mwyrent@google.com.hk,Male,3/6/2022,12:37,19:05
Dewain Selland,dsellandnu@yellowbook.com,Male,9/24/2021,6:44,19:30
Janeczka Skettles,jskettlesnv@gizmodo.com,Male,3/4/2022,6:37,14:19
Tristam Andrault,tandraultnw@dropbox.com,Male,12/17/2021,14:54,13:19
Barney Gogie,bgogienx@angelfire.com,Female,8/5/2021,9:19,12:46
Eustace Bould,ebouldny@typepad.com,Female,8/16/2021,14:16,21:14
Gracie de Castelain,gdenz@google.de,Non-binary,1/24/2022,13:43,20:26
Bernete Benardet,bbenardeto0@drupal.org,Female,7/23/2021,10:52,17:35
Aila Worcs,aworcso1@friendfeed.com,Female,5/4/2021,13:25,19:36
Atlanta Turford,aturfordo2@google.co.jp,Female,6/22/2021,9:32,16:08
Pembroke Dicken,pdickeno3@reddit.com,Male,3/17/2021,6:34,16:26
Tallulah Deshon,tdeshono4@elegantthemes.com,Female,8/28/2021,10:07,17:50
Jedidiah McAllester,jmcallestero5@csmonitor.com,Male,11/3/2021,6:42,22:34
Desdemona Realff,drealffo6@omniture.com,Female,11/10/2021,12:18,15:43
Devlen Bartholomew,dbartholomewo7@netscape.com,Female,4/12/2021,13:19,14:06
Lowell Nutley,lnutleyo8@wix.com,Female,11/3/2021,9:50,16:46
Renault Showell,rshowello9@uiuc.edu,Male,6/20/2021,9:14,20:04
Mada Restill,mrestilloa@posterous.com,Male,11/8/2021,13:09,19:42
Germain Duferie,gduferieob@bing.com,Male,11/5/2021,11:57,18:08
Anallise Dolden,adoldenoc@scientificamerican.com,Male,7/14/2021,12:31,13:40
Dicky Buckell,dbuckellod@examiner.com,Female,8/14/2021,13:32,13:52
Zachery Sollett,zsollettoe@apache.org,Male,4/27/2021,7:50,20:47
Grant Corbie,gcorbieof@goo.ne.jp,Male,1/16/2022,9:59,17:51
Bondy Mandell,bmandellog@blogs.com,Agender,1/29/2022,10:32,17:39
Brod Bison,bbisonoh@usatoday.com,Female,2/5/2022,14:52,16:24
Terese Udale,tudaleoi@discuz.net,Female,8/25/2021,14:22,12:00
Donnie Flucks,dflucksoj@cdbaby.com,Polygender,8/5/2021,8:00,21:21
Esta Ferrick,eferrickok@vinaora.com,Female,3/8/2022,6:26,16:30
Yvonne Stredder,ystredderol@msu.edu,Male,4/8/2021,6:24,12:56
Elwira Hindshaw,ehindshawom@irs.gov,Male,11/15/2021,6:22,12:24
Cecilia Povah,cpovahon@1und1.de,Female,8/20/2021,6:07,18:51
Ryan Marzelo,rmarzelooo@abc.net.au,Male,12/18/2021,7:22,12:33
Olenolin Baytrop,obaytropop@hp.com,Female,8/30/2021,11:16,22:40
Maggy Hadwen,mhadwenoq@naver.com,Male,6/15/2021,12:22,13:04
Ardisj Goullee,agoulleeor@github.com,Male,1/17/2022,13:51,18:42
Lester Hartzog,lhartzogos@nature.com,Female,4/23/2021,8:52,19:16
Elset Learmouth,elearmouthot@ocn.ne.jp,Male,12/9/2021,6:38,15:49
Arty Flinn,aflinnou@flavors.me,Male,6/1/2021,14:11,13:31
Karel Pavic,kpavicov@pen.io,Female,4/18/2021,13:17,21:46
Sherri Hilling,shillingow@unesco.org,Non-binary,11/26/2021,6:50,22:29
Codi Delhanty,cdelhantyox@comsenz.com,Bigender,10/27/2021,6:38,14:17
Tallia Heskin,theskinoy@ft.com,Male,3/17/2021,14:06,22:52
Rodrique Hasker,rhaskeroz@cafepress.com,Male,6/26/2021,13:13,21:13
Murial Punyer,mpunyerp0@wunderground.com,Male,2/3/2022,8:03,18:55
Ede Golder,egolderp1@geocities.com,Male,6/15/2021,13:22,14:32
Kenneth Wiggin,kwigginp2@imageshack.us,Polygender,5/21/2021,13:07,22:56
Eulalie Dederick,edederickp3@cornell.edu,Female,2/26/2022,6:17,14:09
Sergent Temlett,stemlettp4@rediff.com,Female,11/16/2021,11:01,12:33
Norene Theml,nthemlp5@a8.net,Male,6/3/2021,13:24,17:59
Aldon Reddoch,areddochp6@last.fm,Female,5/6/2021,8:20,18:36
Faydra McGeagh,fmcgeaghp7@tiny.cc,Male,8/28/2021,10:57,13:38
Cristobal Thurnham,cthurnhamp8@economist.com,Male,9/2/2021,12:03,13:56
Babita Fedoronko,bfedoronkop9@unesco.org,Male,2/19/2022,12:06,21:57
Bernardine Pardue,bparduepa@booking.com,Male,1/20/2022,12:02,19:37
Coreen McKern,cmckernpb@t.co,Male,4/12/2021,7:03,17:08
Malvin Gierck,mgierckpc@ox.ac.uk,Agender,1/30/2022,13:11,14:45
Maritsa Jupe,mjupepd@etsy.com,Female,12/28/2021,7:06,20:47
Sylvia Lowmass,slowmasspe@apple.com,Male,5/19/2021,7:16,18:12
Laural Bawme,lbawmepf@businessinsider.com,Female,6/17/2021,9:54,20:42
Junie Pigdon,jpigdonpg@soundcloud.com,Female,2/22/2022,12:04,16:20
Adele Cholton,acholtonph@imdb.com,Female,4/23/2021,10:49,13:49
Erina Poupard,epoupardpi@bloglovin.com,Male,1/3/2022,6:44,15:11
Aristotle Doulton,adoultonpj@live.com,Male,7/2/2021,9:57,17:35
Issy Keaton,ikeatonpk@china.com.cn,Female,1/14/2022,12:16,16:38
Jemima Hannant,jhannantpl@example.com,Male,2/15/2022,7:51,14:42
Rozanne Murrells,rmurrellspm@ifeng.com,Female,8/2/2021,8:09,22:00
Rodolphe Riccioppo,rriccioppopn@yolasite.com,Female,4/25/2021,11:06,19:07
Rodrick Baack,rbaackpo@twitter.com,Female,6/3/2021,11:30,16:21
Carmine MacNeil,cmacneilpp@ezinearticles.com,Female,7/4/2021,8:05,12:41
Ellswerth Hamshere,ehamsherepq@theguardian.com,Male,11/24/2021,8:55,13:23
Jehanna Whitham,jwhithampr@tamu.edu,Genderqueer,4/9/2021,7:07,17:06
Abrahan Pymm,apymmps@comsenz.com,Female,3/5/2022,12:50,20:40
Fanchon Patel,fpatelpt@aol.com,Female,12/19/2021,11:56,16:13
Gayler Birwhistle,gbirwhistlepu@icq.com,Female,12/5/2021,12:23,15:06
Minny Bloyes,mbloyespv@ibm.com,Male,4/16/2021,14:14,20:24
Price Gajewski,pgajewskipw@4shared.com,Male,7/8/2021,12:51,22:30
Giacomo Levene,glevenepx@sakura.ne.jp,Female,1/25/2022,7:27,17:13
Evaleen Jochanany,ejochananypy@symantec.com,Male,2/27/2022,6:58,13:28
Prent Beynon,pbeynonpz@youku.com,Male,1/10/2022,11:23,12:05
Lari Wakelin,lwakelinq0@parallels.com,Female,1/8/2022,9:52,22:44
Thorny Goves,tgovesq1@virginia.edu,Female,8/30/2021,7:33,13:31
Sarena Spira,sspiraq2@cdbaby.com,Male,8/8/2021,14:10,12:02
Thibaut Brugger,tbruggerq3@cargocollective.com,Male,5/18/2021,10:05,21:40
Klarika Raynton,krayntonq4@nyu.edu,Female,11/15/2021,6:00,19:25
Aurlie Collingdon,acollingdonq5@is.gd,Female,10/29/2021,13:10,19:10
Pooh Zupa,pzupaq6@blogspot.com,Male,5/2/2021,12:43,17:02
Hieronymus Palfreman,hpalfremanq7@symantec.com,Female,12/31/2021,11:07,14:12
Shell Sedgmond,ssedgmondq8@homestead.com,Male,8/10/2021,8:47,17:33
Matt Stubbley,mstubbleyq9@mediafire.com,Female,9/20/2021,12:54,21:39
Georgianne Bradshaw,gbradshawqa@prlog.org,Female,3/11/2022,6:39,17:33
Marcelline Fumagalli,mfumagalliqb@geocities.jp,Female,7/5/2021,13:44,20:58
Wiley Gladman,wgladmanqc@blinklist.com,Female,9/18/2021,9:13,21:19
Emelina MacKartan,emackartanqd@ibm.com,Female,6/26/2021,13:01,18:35
Dreddy Dronsfield,ddronsfieldqe@opera.com,Female,2/13/2022,6:44,13:15
Munroe Torbett,mtorbettqf@fastcompany.com,Female,4/16/2021,8:40,16:03
Keelia De Ortega,kdeqg@nymag.com,Female,6/4/2021,9:05,13:30
Duffy Loffill,dloffillqh@yellowbook.com,Male,3/21/2021,14:09,13:56
Steffie Dripp,sdrippqi@yolasite.com,Female,12/27/2021,12:42,22:40
Neille Jeeves,njeevesqj@globo.com,Female,7/18/2021,6:19,21:06
Alexia Stadden,astaddenqk@yahoo.co.jp,Female,8/16/2021,7:31,12:35
Elissa Crowcroft,ecrowcroftql@webs.com,Female,8/11/2021,6:45,12:28
Nelli Klaves,nklavesqm@soundcloud.com,Male,8/23/2021,9:06,13:12
Eartha Moehler,emoehlerqn@hao123.com,Male,11/27/2021,13:04,21:20
Winona Verlinden,wverlindenqo@imageshack.us,Bigender,7/22/2021,10:35,13:56
Renaud Pittway,rpittwayqp@pagesperso-orange.fr,Male,10/26/2021,14:39,22:02
Lynne McVicker,lmcvickerqq@tinypic.com,Male,6/18/2021,7:43,12:59
Elsi Flindall,eflindallqr@domainmarket.com,Male,4/27/2021,7:36,16:33
Murial Mathen,mmathenqs@scientificamerican.com,Female,5/23/2021,6:40,19:07
Dalenna Ferraro,dferraroqt@icio.us,Male,6/26/2021,6:42,19:20
Dacie MacLaig,dmaclaigqu@ucla.edu,Male,10/30/2021,10:18,15:37
Ainslee Metts,amettsqv@oracle.com,Female,3/6/2022,8:40,20:33
Correna Rogeron,crogeronqw@yale.edu,Bigender,4/26/2021,10:34,20:57
Magdalen Avison,mavisonqx@freewebs.com,Female,2/18/2022,13:41,20:11
Ezechiel Naper,enaperqy@home.pl,Female,9/2/2021,9:01,14:40
Karlyn Bickford,kbickfordqz@bloomberg.com,Female,7/30/2021,11:08,13:56
Kalil Dedenham,kdedenhamr0@angelfire.com,Female,9/20/2021,14:27,19:30
Tiebold Storre,tstorrer1@yellowbook.com,Male,2/5/2022,8:15,17:42
Sigvard Angier,sangierr2@seesaa.net,Male,5/11/2021,7:19,19:23
Erick Pauletto,epaulettor3@list-manage.com,Male,3/5/2022,10:47,15:53
Nonnah O' Driscoll,nor4@unesco.org,Bigender,4/11/2021,11:24,13:30
Padriac Teece,pteecer5@ox.ac.uk,Female,4/18/2021,10:36,12:18
Irene Maden,imadenr6@businessinsider.com,Polygender,10/9/2021,10:50,15:30
Cami Shier,cshierr7@histats.com,Male,12/17/2021,6:47,18:16
Zechariah Bullock,zbullockr8@vkontakte.ru,Male,1/10/2022,6:58,16:06
Persis Huegett,phuegettr9@example.com,Female,1/11/2022,13:51,16:39
Prescott Leebeter,pleebeterra@techcrunch.com,Male,4/5/2021,8:52,13:06
Ardys Mattinson,amattinsonrb@blinklist.com,Female,7/24/2021,14:58,14:34
Gawain Blaydon,gblaydonrc@sciencedaily.com,Male,3/7/2022,7:02,16:41
Tamara De Dei,tderd@taobao.com,Male,8/3/2021,13:19,22:51
Zelda Gelderd,zgelderdre@biglobe.ne.jp,Male,11/3/2021,11:09,21:05
Kirbie Sherrocks,ksherrocksrf@geocities.jp,Female,8/5/2021,8:01,12:42
Dulcie Pock,dpockrg@yandex.ru,Female,7/25/2021,12:53,16:39
Boot Dillinger,bdillingerrh@wired.com,Female,3/25/2021,12:56,17:40
Carmella Elstob,celstobri@sfgate.com,Male,11/7/2021,11:20,22:22
Kristien Danilchev,kdanilchevrj@shutterfly.com,Male,9/7/2021,8:50,12:55
Fancie Daventry,fdaventryrk@fastcompany.com,Male,5/26/2021,14:19,16:57
Daryl Whorton,dwhortonrl@xing.com,Female,5/9/2021,8:13,21:04
Gearalt Bastable,gbastablerm@opera.com,Non-binary,4/1/2021,7:49,12:44
Sibyl Wadworth,swadworthrn@cbc.ca,Male,5/12/2021,9:48,15:53
Wood Arnott,warnottro@exblog.jp,Female,3/23/2021,7:24,12:38
Marillin Corten,mcortenrp@multiply.com,Female,2/17/2022,14:50,22:11
Neron Stockell,nstockellrq@wp.com,Female,5/14/2021,8:38,18:20
Erwin Mistry,emistryrr@gravatar.com,Male,6/29/2021,13:12,22:58
